{
    "label": "errors to EIM_000",
    "values": {
        "FS": "EIM_000",
        "data": {
            "sizes": [
                12.98,
                25.68,
                38.39,
                63.82,
                127.4
            ],
            "acc": [
                1000,
                2000,
                3000,
                5000,
                10000
            ],
            "R_err": [
                0.00013694,
                6.8261e-05,
                4.73738e-05,
                2.9295e-05,
                1.1416997e-05
            ],
            "Z_err": [
                0.00095773,
                0.0007923,
                0.000744,
                0.0007022,
                0.00067424
            ],
            "rel_err": [
                0.0010152,
                0.000823,
                0.00076417,
                0.0007155,
                0.0006804
            ]
        }
    }
}